match_id,team_name,series_win,maps_won,maps_lost,series_kills,series_deaths,series_damage,series_kdr,avg_bp_rtg,bp_std,bp_max,top_kills_share,bp_range,date_utc,best_of,stage,is_lan,series_kills_roll,series_deaths_roll,series_damage_roll,series_kdr_roll,avg_bp_rtg_roll,bp_std_roll,bp_max_roll,top_kills_share_roll,bp_range_roll
93840,Atlanta FaZe,1,3,1,302,270,38682,1.1185,1.1475,0.1024,1.24,0.2781,0.0925,2025-01-10 16:30:00+00:00,5,major,1,295.4,293.4,38542.0,1.0082,0.9665,0.085,1.05,0.274,0.0835
93846,Atlanta FaZe,1,3,1,359,329,43723,1.0912,1.0975,0.0806,1.21,0.312,0.1125,2025-01-11 19:30:00+00:00,5,major,1,311.2,301.4,39638.4,1.0327,0.9975,0.0896,1.088,0.2785,0.0905
93847,Atlanta FaZe,1,3,2,402,392,52082,1.0255,1.025,0.0443,1.06,0.2562,0.035,2025-01-12 15:00:00+00:00,5,major,1,318.6,303.0,40532.8,1.0477,1.032,0.0849,1.116,0.2771,0.084
93849,Atlanta FaZe,1,3,1,332,293,41413,1.1331,1.215,0.1526,1.36,0.2922,0.145,2025-01-12 18:00:00+00:00,5,major,1,344.4,312.0,43340.2,1.1106,1.141,0.097,1.24,0.2834,0.099
93858,Atlanta FaZe,1,3,1,319,265,39223,1.2038,1.22,0.0829,1.34,0.2727,0.12,2025-01-19 18:00:00+00:00,5,minor,0,342.8,309.8,43024.6,1.1144,1.141,0.0926,1.242,0.2822,0.101
93861,Atlanta FaZe,1,3,0,239,199,29387,1.201,1.2625,0.1497,1.36,0.2762,0.0975,2025-01-24 18:00:00+00:00,5,minor,0,330.2,295.6,41165.6,1.1309,1.164,0.102,1.266,0.2818,0.102
93866,Atlanta FaZe,1,3,2,384,349,47515,1.1003,1.1475,0.0978,1.28,0.2839,0.1325,2025-01-26 16:30:00+00:00,5,minor,0,335.2,299.6,41924.0,1.1327,1.174,0.1055,1.28,0.2762,0.106
93868,Atlanta FaZe,1,3,0,222,167,26857,1.3293,1.35,0.08,1.39,0.2703,0.04,2025-01-30 10:00:00+00:00,5,major,1,299.2,254.6,36879.0,1.1935,1.239,0.1126,1.346,0.279,0.107
93879,Atlanta FaZe,1,3,0,250,235,31674,1.0638,1.1275,0.055,1.2,0.264,0.0725,2025-02-01 11:30:00+00:00,5,major,1,282.8,243.0,34931.2,1.1796,1.2215,0.0931,1.314,0.2734,0.0925
93883,Atlanta FaZe,1,3,2,362,379,46253,0.9551,0.975,0.0342,1.02,0.2707,0.045,2025-02-02 11:30:00+00:00,5,major,1,291.4,265.8,36337.2,1.1299,1.1725,0.0833,1.25,0.273,0.0775
93885,Atlanta FaZe,1,4,3,479,469,61409,1.0213,1.0875,0.0206,1.11,0.2589,0.0225,2025-02-02 14:30:00+00:00,7,major finals,1,339.4,319.8,42741.6,1.094,1.1375,0.0575,1.2,0.2695,0.0625
93888,Atlanta FaZe,0,1,3,316,340,40827,0.9294,0.8025,0.0126,0.82,0.2658,0.0175,2025-02-14 18:00:00+00:00,5,minor,0,325.8,318.0,41404.0,1.0598,1.0685,0.0405,1.108,0.2659,0.0395
93891,Atlanta FaZe,1,3,0,220,175,27173,1.2571,1.2675,0.1204,1.4,0.2864,0.1325,2025-02-15 18:00:00+00:00,5,minor,0,325.4,319.6,41467.2,1.0454,1.052,0.0485,1.11,0.2692,0.058
93900,Atlanta FaZe,1,3,1,375,279,45804,1.3441,1.315,0.0835,1.42,0.2853,0.105,2025-02-22 15:00:00+00:00,5,minor,0,350.4,328.4,44293.2,1.1014,1.0895,0.0542,1.154,0.2734,0.0645
93911,Atlanta FaZe,0,2,3,358,355,45284,1.0085,0.965,0.0911,1.1,0.2877,0.135,2025-03-01 16:30:00+00:00,5,major,1,349.6,323.6,44099.4,1.1121,1.0875,0.0656,1.17,0.2768,0.0825
93921,Atlanta FaZe,1,3,0,212,172,26488,1.2326,1.3075,0.1786,1.45,0.3019,0.1425,2025-03-08 15:00:00+00:00,5,minor,0,296.2,264.2,37115.2,1.1543,1.1315,0.0972,1.238,0.2854,0.1065
93928,Atlanta FaZe,1,3,2,397,367,49177,1.0817,1.0725,0.025,1.1,0.2544,0.0275,2025-03-09 19:30:00+00:00,5,minor,0,312.4,269.6,38785.2,1.1848,1.1855,0.0997,1.294,0.2831,0.1085
93935,Atlanta FaZe,1,3,1,349,340,43554,1.0265,1.035,0.124,1.2,0.298,0.165,2025-03-15 19:30:00+00:00,5,minor,0,338.2,302.6,42061.4,1.1387,1.139,0.1004,1.254,0.2855,0.115
93938,Atlanta FaZe,1,3,1,328,299,40618,1.097,1.135,0.0733,1.22,0.2774,0.085,2025-03-16 18:00:00+00:00,5,minor,0,328.8,306.6,41024.2,1.0892,1.103,0.0984,1.214,0.2839,0.111
93942,Atlanta FaZe,1,3,0,233,194,29107,1.201,1.3,0.0589,1.36,0.2833,0.06,2025-03-20 18:00:00+00:00,5,major,1,303.8,274.4,37788.8,1.1278,1.17,0.0919,1.266,0.283,0.096
93950,Atlanta FaZe,1,3,1,328,302,41425,1.0861,1.095,0.0911,1.22,0.2744,0.125,2025-03-22 16:30:00+00:00,5,major,1,327.0,300.4,40776.2,1.0985,1.1275,0.0744,1.22,0.2775,0.0925
93954,Atlanta FaZe,1,3,2,338,360,46215,0.9389,0.96,0.0632,1.04,0.2633,0.08,2025-03-23 15:00:00+00:00,5,major,1,315.2,299.0,40183.8,1.0699,1.105,0.0821,1.208,0.2793,0.103
93956,Atlanta FaZe,1,4,0,343,281,41743,1.2206,1.2925,0.1554,1.52,0.2857,0.2275,2025-03-23 18:00:00+00:00,7,major finals,1,314.0,287.2,39821.6,1.1087,1.1565,0.0884,1.272,0.2768,0.1155
93844,Boston Breach,0,2,3,339,352,44500,0.9631,1.0425,0.1473,1.17,0.2832,0.1275,2025-01-11 16:30:00+00:00,5,major,1,352.8,350.4,45125.6,1.0111,1.0245,0.0761,1.106,0.2761,0.0815
93855,Boston Breach,1,3,1,387,349,47172,1.1089,1.135,0.1328,1.28,0.292,0.145,2025-01-18 18:00:00+00:00,5,minor,0,355.0,341.6,44866.8,1.0415,1.059,0.0852,1.15,0.2792,0.091
93861,Boston Breach,0,0,3,199,239,25475,0.8326,0.74,0.0497,0.79,0.2663,0.05,2025-01-24 18:00:00+00:00,5,minor,0,323.6,325.8,40960.4,0.9841,0.981,0.083,1.068,0.2768,0.087
93865,Boston Breach,1,3,2,288,333,37160,0.8649,0.93,0.1961,1.17,0.3576,0.24,2025-01-26 15:00:00+00:00,5,minor,0,311.4,320.0,39303.0,0.9643,0.975,0.1077,1.09,0.2933,0.115
93868,Boston Breach,0,0,3,167,222,23711,0.7523,0.65,0.1169,0.74,0.3114,0.09,2025-01-30 10:00:00+00:00,5,major,1,276.0,299.0,35603.6,0.9043,0.8995,0.1286,1.03,0.3021,0.1305
93875,Boston Breach,0,2,3,344,370,44490,0.9297,0.935,0.11,1.03,0.2733,0.095,2025-01-31 13:00:00+00:00,5,major,1,277.0,302.6,35601.6,0.8977,0.878,0.1211,1.002,0.3001,0.124
93887,Boston Breach,1,3,1,341,323,42190,1.0557,1.17,0.1503,1.37,0.3167,0.2,2025-02-14 16:30:00+00:00,5,minor,0,267.8,297.4,34605.2,0.887,0.885,0.1246,1.02,0.3051,0.135
93889,Boston Breach,1,3,2,341,359,44566,0.9499,0.975,0.11,1.08,0.2845,0.105,2025-02-15 15:00:00+00:00,5,minor,0,296.2,321.4,38423.4,0.9105,0.932,0.1367,1.078,0.3087,0.146
93903,Boston Breach,0,2,3,375,373,48353,1.0054,0.98,0.1089,1.13,0.296,0.15,2025-02-22 19:30:00+00:00,5,minor,0,313.6,329.4,40662.0,0.9386,0.942,0.1192,1.07,0.2964,0.128
93906,Boston Breach,0,0,3,117,184,17409,0.6359,0.5875,0.0608,0.64,0.2735,0.0525,2025-02-23 18:00:00+00:00,5,minor,0,303.6,321.8,39401.6,0.9153,0.9295,0.108,1.05,0.2888,0.1205
93907,Boston Breach,0,1,3,337,363,43280,0.9284,0.8425,0.067,0.91,0.2908,0.0675,2025-02-28 18:00:00+00:00,5,major,1,302.2,320.4,39159.6,0.915,0.911,0.0994,1.026,0.2923,0.115
93923,Boston Breach,0,0,3,180,226,23918,0.7965,0.675,0.0995,0.8,0.2889,0.125,2025-03-08 18:00:00+00:00,5,minor,0,270.0,301.0,35505.2,0.8632,0.812,0.0892,0.912,0.2867,0.1
93928,Boston Breach,0,2,3,367,398,47117,0.9221,0.9275,0.058,0.99,0.2698,0.0625,2025-03-09 19:30:00+00:00,5,minor,0,275.2,308.8,36015.4,0.8576,0.8025,0.0788,0.894,0.2838,0.0915
93932,Boston Breach,1,3,1,341,335,43488,1.0179,1.1125,0.055,1.16,0.2551,0.0475,2025-03-15 15:00:00+00:00,5,minor,0,268.4,301.2,35042.4,0.8601,0.829,0.068,0.9,0.2756,0.071
93941,Boston Breach,1,3,1,374,360,46929,1.0389,1.005,0.1041,1.15,0.2701,0.145,2025-03-20 16:30:00+00:00,5,major,1,319.8,336.4,40946.4,0.9407,0.9125,0.0767,1.002,0.2749,0.0895
93949,Boston Breach,0,1,3,357,390,46878,0.9154,0.945,0.0443,1.0,0.2717,0.055,2025-03-22 15:00:00+00:00,5,major,1,323.8,341.8,41666.0,0.9382,0.933,0.0722,1.02,0.2711,0.087
93951,Boston Breach,0,0,3,199,242,26779,0.8223,0.7475,0.031,0.79,0.2764,0.0425,2025-03-22 18:00:00+00:00,5,major,1,327.6,345.0,42238.2,0.9433,0.9475,0.0585,1.018,0.2686,0.0705
93845,Carolina Royal Ravens,1,3,2,373,367,47014,1.0163,1.0575,0.0907,1.17,0.2922,0.1125,2025-01-11 18:00:00+00:00,5,major,1,325.0,293.6,41347.8,1.1167,1.1495,0.0993,1.252,0.2888,0.1025
93848,Carolina Royal Ravens,1,3,2,374,415,49056,0.9012,0.93,0.0497,0.98,0.2781,0.05,2025-01-12 16:30:00+00:00,5,major,1,342.0,321.0,43727.2,1.089,1.124,0.0819,1.212,0.287,0.088
93849,Carolina Royal Ravens,0,1,3,293,332,37920,0.8825,0.785,0.0881,0.91,0.256,0.125,2025-01-12 18:00:00+00:00,5,major,1,331.4,326.4,42268.4,1.0386,1.0575,0.0754,1.142,0.2821,0.0845
93855,Carolina Royal Ravens,0,1,3,349,387,44262,0.9018,0.865,0.0911,0.95,0.2779,0.085,2025-01-18 18:00:00+00:00,5,minor,0,351.6,363.2,44890.2,0.9747,0.9645,0.0748,1.05,0.2788,0.0855
93859,Carolina Royal Ravens,0,2,3,374,353,47323,1.0595,0.97,0.1252,1.13,0.3021,0.16,2025-01-24 15:00:00+00:00,5,minor,0,352.6,370.8,45115.0,0.9523,0.9215,0.089,1.028,0.2813,0.1065
93864,Carolina Royal Ravens,1,3,2,351,340,45478,1.0324,0.9825,0.0929,1.11,0.3105,0.1275,2025-01-25 18:00:00+00:00,5,minor,0,348.2,365.4,44807.8,0.9555,0.9065,0.0894,1.016,0.2849,0.1095
93870,Carolina Royal Ravens,0,1,3,230,297,31124,0.7744,0.6425,0.0834,0.72,0.287,0.0775,2025-01-30 13:00:00+00:00,5,major,1,319.4,341.8,41221.4,0.9301,0.849,0.0961,0.964,0.2867,0.115
93872,Carolina Royal Ravens,1,3,0,263,232,33703,1.1336,1.165,0.1218,1.31,0.2852,0.145,2025-01-31 08:30:00+00:00,5,major,1,313.4,321.8,40378.0,0.9803,0.925,0.1029,1.044,0.2925,0.119
93876,Carolina Royal Ravens,1,3,1,327,291,40131,1.1237,1.1375,0.064,1.21,0.2813,0.0725,2025-01-31 14:30:00+00:00,5,major,1,309.0,302.6,39551.8,1.0247,0.9795,0.0974,1.096,0.2932,0.1165
93881,Carolina Royal Ravens,1,3,2,363,383,48899,0.9478,0.935,0.0526,1.01,0.27,0.075,2025-02-01 14:30:00+00:00,5,major,1,306.8,308.6,39867.0,1.0024,0.9725,0.0829,1.072,0.2868,0.0995
93882,Carolina Royal Ravens,0,1,3,319,327,41374,0.9755,0.97,0.0583,1.05,0.2696,0.08,2025-02-02 10:00:00+00:00,5,major,1,300.4,306.0,39046.2,0.991,0.97,0.076,1.06,0.2786,0.09
93886,Carolina Royal Ravens,0,0,3,220,235,28381,0.9362,0.7475,0.0988,0.84,0.3227,0.0925,2025-02-14 15:00:00+00:00,5,minor,0,298.4,293.6,38497.6,1.0234,0.991,0.0791,1.084,0.2858,0.093
93894,Carolina Royal Ravens,0,1,3,338,362,44073,0.9337,0.885,0.0947,1.01,0.2722,0.125,2025-02-16 16:30:00+00:00,5,minor,0,313.4,319.6,40571.6,0.9834,0.935,0.0737,1.024,0.2832,0.089
93897,Carolina Royal Ravens,1,3,0,211,186,26646,1.1344,1.175,0.0915,1.31,0.2938,0.135,2025-02-21 15:00:00+00:00,5,minor,0,290.2,298.6,37874.6,0.9855,0.9425,0.0792,1.044,0.2857,0.1015
93901,Carolina Royal Ravens,1,3,0,217,180,25999,1.2056,1.35,0.1393,1.45,0.2857,0.1,2025-02-22 16:30:00+00:00,5,minor,0,261.0,258.0,33294.6,1.0371,1.0255,0.0965,1.132,0.2888,0.1065
93914,Carolina Royal Ravens,1,3,0,243,212,31265,1.1462,1.2025,0.1135,1.32,0.2593,0.1175,2025-03-01 15:00:00+00:00,5,major,1,245.8,235.0,31272.8,1.0712,1.072,0.1076,1.186,0.2867,0.114
93915,Carolina Royal Ravens,0,0,3,192,219,26067,0.8767,0.7525,0.0299,0.79,0.2917,0.0375,2025-03-02 15:00:00+00:00,5,major,1,240.2,231.8,30810.0,1.0593,1.073,0.0938,1.176,0.2805,0.103
93922,Carolina Royal Ravens,1,3,1,333,294,42214,1.1327,1.1475,0.1441,1.34,0.3243,0.1925,2025-03-08 16:30:00+00:00,5,minor,0,239.2,218.2,30438.2,1.0991,1.1255,0.1036,1.242,0.291,0.1165
93931,Carolina Royal Ravens,1,3,0,232,187,29484,1.2406,1.2225,0.1372,1.4,0.2974,0.1775,2025-03-14 18:00:00+00:00,5,minor,0,243.4,218.4,31005.8,1.1204,1.135,0.1128,1.26,0.2917,0.125
93934,Carolina Royal Ravens,1,3,1,355,347,44429,1.0231,1.0975,0.0532,1.14,0.2732,0.0425,2025-03-15 18:00:00+00:00,5,minor,0,271.0,251.8,34691.8,1.0839,1.0845,0.0956,1.198,0.2892,0.1135
93939,Carolina Royal Ravens,0,0,3,263,284,33764,0.9261,0.845,0.05,0.9,0.2814,0.055,2025-03-20 13:30:00+00:00,5,major,1,275.0,266.2,35191.6,1.0398,1.013,0.0829,1.114,0.2936,0.101
93944,Carolina Royal Ravens,1,3,0,203,157,25431,1.293,1.2825,0.135,1.39,0.2857,0.1075,2025-03-21 15:00:00+00:00,5,major,1,277.2,253.8,35064.4,1.1231,1.119,0.1039,1.234,0.2924,0.115
93947,Carolina Royal Ravens,0,0,3,155,218,21279,0.711,0.565,0.0311,0.6,0.3161,0.035,2025-03-21 19:30:00+00:00,5,major,1,241.6,238.6,30877.4,1.0388,1.0025,0.0813,1.086,0.2908,0.0835
93842,Cloud9 New York,1,3,0,239,199,28862,1.201,1.225,0.064,1.28,0.2971,0.055,2025-01-10 19:30:00+00:00,5,major,1,264.4,291.2,34470.6,0.9295,0.899,0.0734,0.972,0.2908,0.073
93845,Cloud9 New York,0,2,3,367,373,46424,0.9839,0.945,0.0889,1.03,0.2561,0.085,2025-01-11 18:00:00+00:00,5,major,1,281.6,296.8,36253.8,0.9634,0.95,0.0778,1.022,0.2844,0.072
93850,Cloud9 New York,0,0,3,239,249,32531,0.9598,0.9475,0.066,1.04,0.2887,0.0925,2025-01-17 15:00:00+00:00,5,minor,0,290.0,297.2,37398.2,0.9958,0.999,0.0869,1.086,0.2873,0.087
93854,Cloud9 New York,0,2,3,352,332,44569,1.0602,1.0425,0.0645,1.1,0.267,0.0575,2025-01-18 16:30:00+00:00,5,minor,0,302.4,304.6,39006.6,1.0113,0.9945,0.0828,1.08,0.2821,0.0855
93866,Cloud9 New York,0,2,3,349,384,45857,0.9089,0.85,0.0616,0.92,0.2837,0.07,2025-01-26 16:30:00+00:00,5,minor,0,309.2,307.4,39648.6,1.0228,1.002,0.069,1.074,0.2785,0.072
93875,Cloud9 New York,1,3,2,370,344,46749,1.0756,1.0625,0.0741,1.17,0.2757,0.1075,2025-01-31 13:00:00+00:00,5,major,1,335.4,336.4,43226.0,0.9977,0.9695,0.071,1.052,0.2742,0.0825
93877,Cloud9 New York,0,1,3,356,375,44839,0.9493,0.935,0.1124,1.08,0.2921,0.145,2025-02-01 08:30:00+00:00,5,major,1,333.2,336.8,42909.0,0.9908,0.9675,0.0757,1.062,0.2814,0.0945
93892,Cloud9 New York,1,3,0,234,204,28638,1.1471,1.215,0.0695,1.3,0.2607,0.085,2025-02-15 19:30:00+00:00,5,minor,0,332.2,327.8,42130.4,1.0282,1.021,0.0764,1.114,0.2758,0.093
93895,Cloud9 New York,0,2,3,364,371,46401,0.9811,0.9025,0.067,0.99,0.2802,0.0875,2025-02-16 18:00:00+00:00,5,minor,0,334.6,335.6,42496.8,1.0124,0.993,0.0769,1.092,0.2785,0.099
93899,Cloud9 New York,1,3,0,193,159,24084,1.2138,1.3675,0.0665,1.46,0.2953,0.0925,2025-02-21 18:00:00+00:00,5,minor,0,303.4,290.6,38142.2,1.0734,1.0965,0.0779,1.2,0.2808,0.1035
93906,Cloud9 New York,1,3,0,184,117,21870,1.5726,1.415,0.0311,1.45,0.2772,0.035,2025-02-23 18:00:00+00:00,5,minor,0,266.2,245.2,33166.4,1.1728,1.167,0.0693,1.256,0.2811,0.089
93909,Cloud9 New York,1,3,2,343,365,44498,0.9397,0.9575,0.0608,1.01,0.2741,0.0525,2025-02-28 19:30:00+00:00,5,major,1,263.6,243.2,33098.2,1.1709,1.1715,0.059,1.242,0.2775,0.0705
93913,Cloud9 New York,0,1,3,265,309,35231,0.8576,0.835,0.0854,0.89,0.2792,0.055,2025-03-01 19:30:00+00:00,5,major,1,269.8,264.2,34416.8,1.113,1.0955,0.0622,1.16,0.2812,0.0645
93920,Cloud9 New York,1,3,0,196,149,24381,1.3154,1.315,0.1066,1.42,0.2806,0.105,2025-03-07 18:00:00+00:00,5,minor,0,236.2,219.8,30012.8,1.1799,1.178,0.0701,1.246,0.2813,0.068
93922,Cloud9 New York,0,1,3,294,333,38639,0.8829,0.855,0.0759,0.92,0.2789,0.065,2025-03-08 16:30:00+00:00,5,minor,0,256.4,254.6,32923.8,1.1137,1.0755,0.072,1.138,0.278,0.0625
93938,Cloud9 New York,0,1,3,299,328,37899,0.9116,0.865,0.1389,0.98,0.2977,0.115,2025-03-16 18:00:00+00:00,5,minor,0,279.4,296.8,36129.6,0.9814,0.9655,0.0935,1.044,0.2821,0.0785
93940,Cloud9 New York,1,3,0,266,244,32693,1.0902,1.12,0.0829,1.22,0.2669,0.1,2025-03-20 15:00:00+00:00,5,major,1,264.0,272.6,33768.6,1.0115,0.998,0.098,1.086,0.2807,0.088
93950,Cloud9 New York,0,1,3,302,328,39515,0.9207,0.9025,0.1195,1.05,0.2947,0.1475,2025-03-22 16:30:00+00:00,5,major,1,271.4,276.4,34625.4,1.0242,1.0115,0.1048,1.118,0.2838,0.1065
93952,Cloud9 New York,0,0,3,209,228,27425,0.9167,0.84,0.0688,0.89,0.2823,0.05,2025-03-22 19:30:00+00:00,5,major,1,274.0,292.2,35234.2,0.9444,0.9165,0.0972,1.012,0.2841,0.0955
93839,LA Guerrillas M8,0,2,3,299,328,38077,0.9116,0.9275,0.104,1.03,0.2876,0.1025,2025-01-10 15:00:00+00:00,5,major,1,349.6,354.6,44637.8,0.9829,0.966,0.0948,1.064,0.2922,0.098
93850,LA Guerrillas M8,1,3,0,249,239,31299,1.0418,1.05,0.116,1.18,0.2651,0.13,2025-01-17 15:00:00+00:00,5,minor,0,319.6,330.8,40385.2,0.9684,0.961,0.0924,1.06,0.2885,0.099
93856,LA Guerrillas M8,0,1,3,317,316,38602,1.0032,0.9825,0.0499,1.05,0.2587,0.0675,2025-01-19 15:00:00+00:00,5,minor,0,322.0,324.8,40148.0,0.9927,0.98,0.0943,1.086,0.2793,0.106
93863,LA Guerrillas M8,1,3,0,243,209,30706,1.1627,1.21,0.1378,1.37,0.2881,0.16,2025-01-25 16:30:00+00:00,5,minor,0,302.6,295.8,38079.4,1.0332,1.027,0.0984,1.144,0.2787,0.117
93874,LA Guerrillas M8,0,2,3,341,325,41776,1.0492,1.0425,0.0591,1.12,0.2757,0.0775,2025-01-31 11:30:00+00:00,5,major,1,289.8,283.4,36092.0,1.0337,1.0425,0.0934,1.15,0.275,0.1075
93889,LA Guerrillas M8,0,2,3,359,342,44885,1.0497,1.025,0.0265,1.05,0.2869,0.025,2025-02-15 15:00:00+00:00,5,minor,0,301.8,286.2,37453.6,1.0613,1.062,0.0779,1.154,0.2749,0.092
93898,LA Guerrillas M8,0,0,3,209,222,28014,0.9414,0.8875,0.066,0.98,0.2919,0.0925,2025-02-21 16:30:00+00:00,5,minor,0,293.8,282.8,36796.6,1.0412,1.0295,0.0679,1.114,0.2802,0.0845
93902,LA Guerrillas M8,0,1,3,344,364,43653,0.9451,0.9325,0.0793,1.0,0.2762,0.0675,2025-02-22 18:00:00+00:00,5,minor,0,299.2,292.4,37806.8,1.0296,1.0195,0.0737,1.104,0.2837,0.0845
93910,LA Guerrillas M8,1,3,2,328,339,43254,0.9676,1.0375,0.0512,1.09,0.2713,0.0525,2025-02-28 15:00:00+00:00,5,major,1,316.2,318.4,40316.4,0.9906,0.985,0.0564,1.048,0.2804,0.063
93914,LA Guerrillas M8,0,0,3,212,243,27464,0.8724,0.8,0.149,0.96,0.316,0.16,2025-03-01 15:00:00+00:00,5,major,1,290.4,302.0,37454.0,0.9552,0.9365,0.0744,1.016,0.2885,0.0795
93920,LA Guerrillas M8,0,0,3,149,197,21028,0.7563,0.685,0.0252,0.71,0.2819,0.025,2025-03-07 18:00:00+00:00,5,minor,0,248.4,273.0,32682.6,0.8966,0.8685,0.0741,0.948,0.2875,0.0795
93925,LA Guerrillas M8,1,3,0,201,184,26276,1.0924,1.2275,0.0846,1.33,0.2935,0.1025,2025-03-09 15:00:00+00:00,5,minor,0,246.8,265.4,32335.0,0.9268,0.9365,0.0779,1.018,0.2878,0.0815
93935,LA Guerrillas M8,0,1,3,340,349,43846,0.9742,0.9625,0.0532,1.02,0.2794,0.0575,2025-03-15 19:30:00+00:00,5,minor,0,246.0,262.4,32373.6,0.9326,0.9425,0.0726,1.022,0.2884,0.0795
93936,LA Guerrillas M8,0,1,3,263,312,34782,0.8429,0.8075,0.1135,0.92,0.2814,0.1125,2025-03-16 15:00:00+00:00,5,minor,0,233.0,257.0,30679.2,0.9077,0.8965,0.0851,0.988,0.2904,0.0915
93946,LA Guerrillas M8,0,0,3,168,220,21922,0.7636,0.695,0.0451,0.75,0.2798,0.055,2025-03-21 18:00:00+00:00,5,major,1,224.2,252.4,29570.8,0.8859,0.8755,0.0643,0.946,0.2832,0.0705
93846,Los Angeles Thieves,0,1,3,329,360,42088,0.9139,0.9025,0.1014,0.98,0.2766,0.0775,2025-01-11 19:30:00+00:00,5,major,1,359.6,346.8,45409.2,1.0454,1.0705,0.0834,1.164,0.2854,0.0935
93857,Los Angeles Thieves,0,2,3,311,350,40283,0.8886,0.895,0.052,0.94,0.2669,0.045,2025-01-19 16:30:00+00:00,5,minor,0,353.4,360.6,45123.8,0.9797,0.987,0.0788,1.074,0.2786,0.087
93860,Los Angeles Thieves,1,3,2,343,312,43575,1.0994,1.145,0.1041,1.23,0.2828,0.085,2025-01-24 16:30:00+00:00,5,minor,0,345.2,350.0,43892.8,0.9891,0.9865,0.0906,1.08,0.2789,0.0935
93865,Los Angeles Thieves,0,2,3,333,288,40628,1.1562,1.0675,0.0741,1.16,0.2673,0.0925,2025-01-26 15:00:00+00:00,5,minor,0,341.0,339.6,43083.6,1.0121,0.995,0.0867,1.084,0.2753,0.089
93870,Los Angeles Thieves,1,3,1,296,230,35689,1.287,1.355,0.0926,1.43,0.2905,0.075,2025-01-30 13:00:00+00:00,5,major,1,322.4,308.0,40452.6,1.069,1.073,0.0848,1.148,0.2768,0.075
93878,Los Angeles Thieves,1,3,0,261,232,33785,1.125,1.22,0.1068,1.37,0.2835,0.15,2025-02-01 10:00:00+00:00,5,major,1,308.8,282.4,38792.0,1.1112,1.1365,0.0859,1.226,0.2782,0.0895
93883,Los Angeles Thieves,0,2,3,379,363,48043,1.0441,1.025,0.0896,1.15,0.2797,0.125,2025-02-02 11:30:00+00:00,5,major,1,322.4,285.0,40344.0,1.1423,1.1625,0.0934,1.268,0.2808,0.1055
93884,Los Angeles Thieves,1,3,0,240,181,29501,1.326,1.3425,0.1209,1.44,0.2917,0.0975,2025-02-02 13:00:00+00:00,5,major,1,301.8,258.8,37529.2,1.1877,1.202,0.0968,1.31,0.2825,0.108
93885,Los Angeles Thieves,0,3,4,469,479,60811,0.9791,0.915,0.0545,0.99,0.2708,0.075,2025-02-02 14:30:00+00:00,7,major finals,1,329.0,297.0,41565.8,1.1522,1.1715,0.0929,1.276,0.2832,0.1045
93886,Los Angeles Thieves,1,3,0,235,220,29064,1.0682,1.2525,0.0386,1.29,0.2596,0.0375,2025-02-14 15:00:00+00:00,5,minor,0,316.8,295.0,40240.8,1.1085,1.151,0.0821,1.248,0.277,0.097
93893,Los Angeles Thieves,1,3,1,312,281,38620,1.1103,1.165,0.0866,1.27,0.2949,0.105,2025-02-16 15:00:00+00:00,5,minor,0,327.0,304.8,41207.8,1.1055,1.14,0.0781,1.228,0.2793,0.088
93905,Los Angeles Thieves,1,3,0,291,260,35358,1.1192,1.28,0.1435,1.46,0.2852,0.18,2025-02-23 16:30:00+00:00,5,minor,0,309.4,284.2,38670.8,1.1206,1.191,0.0888,1.29,0.2804,0.099
93913,Los Angeles Thieves,1,3,1,309,266,37631,1.1617,1.16,0.1068,1.22,0.2913,0.06,2025-03-01 19:30:00+00:00,5,major,1,323.2,301.2,40296.8,1.0877,1.1545,0.086,1.246,0.2803,0.0915
93915,Los Angeles Thieves,1,3,0,219,192,28393,1.1406,1.245,0.0686,1.3,0.2648,0.055,2025-03-02 15:00:00+00:00,5,major,1,273.2,243.8,33813.2,1.12,1.2205,0.0888,1.308,0.2792,0.0875
93917,Los Angeles Thieves,1,4,3,487,471,61942,1.034,1.0375,0.0465,1.1,0.2669,0.0625,2025-03-02 18:00:00+00:00,7,major finals,1,323.6,294.0,40388.8,1.1132,1.1775,0.0904,1.27,0.2806,0.0925
93918,Los Angeles Thieves,1,3,0,264,233,32776,1.133,1.1675,0.1223,1.27,0.3106,0.1025,2025-03-07 15:00:00+00:00,5,minor,0,314.0,284.4,39220.0,1.1177,1.178,0.0975,1.27,0.2838,0.092
93923,Los Angeles Thieves,1,3,0,226,180,26870,1.2556,1.3225,0.1343,1.5,0.2832,0.1775,2025-03-08 18:00:00+00:00,5,minor,0,301.0,268.4,37522.4,1.145,1.1865,0.0957,1.278,0.2834,0.0915
93930,Los Angeles Thieves,1,3,0,195,130,22901,1.5,1.395,0.0645,1.49,0.2821,0.095,2025-03-14 16:30:00+00:00,5,minor,0,278.2,241.2,34576.4,1.2126,1.2335,0.0872,1.332,0.2815,0.0985
93933,Los Angeles Thieves,1,3,1,299,273,37652,1.0952,1.205,0.1075,1.34,0.2676,0.135,2025-03-15 16:30:00+00:00,5,minor,0,294.2,257.4,36428.2,1.2036,1.2255,0.095,1.34,0.2821,0.1145
93941,Los Angeles Thieves,0,1,3,360,375,44696,0.96,0.9925,0.0704,1.07,0.2806,0.0775,2025-03-20 16:30:00+00:00,5,major,1,268.8,238.2,32979.0,1.1888,1.2165,0.0998,1.334,0.2848,0.1175
93943,Los Angeles Thieves,1,3,1,359,378,46202,0.9497,1.04,0.0258,1.07,0.273,0.03,2025-03-21 13:30:00+00:00,5,major,1,287.8,267.2,35664.2,1.1521,1.191,0.0805,1.294,0.2773,0.103
93947,Los Angeles Thieves,1,3,0,218,155,25760,1.4065,1.4375,0.1162,1.58,0.289,0.1425,2025-03-21 19:30:00+00:00,5,major,1,286.2,262.2,35442.2,1.1823,1.214,0.0769,1.31,0.2784,0.096
93952,Los Angeles Thieves,1,3,0,228,209,28532,1.0909,1.1575,0.0943,1.29,0.2895,0.1325,2025-03-22 19:30:00+00:00,5,major,1,292.8,278.0,36568.4,1.1005,1.1665,0.0828,1.27,0.2799,0.1035
93953,Los Angeles Thieves,0,0,3,163,200,20630,0.815,0.7975,0.0699,0.88,0.2945,0.0825,2025-03-23 13:30:00+00:00,5,major,1,265.6,263.4,33164.0,1.0444,1.085,0.0753,1.178,0.2853,0.093
93840,Miami Heretics,0,1,3,270,302,36076,0.894,0.8525,0.0971,0.94,0.2704,0.0875,2025-01-10 16:30:00+00:00,5,major,1,308.6,311.6,40824.4,0.9963,0.992,0.0924,1.09,0.2789,0.098
93854,Miami Heretics,1,3,2,331,352,41356,0.9403,0.96,0.1023,1.1,0.2931,0.14,2025-01-18 16:30:00+00:00,5,minor,0,326.6,337.6,42864.4,0.9673,0.95,0.0997,1.062,0.2844,0.112
93860,Miami Heretics,0,2,3,312,343,40108,0.9096,0.855,0.1109,0.94,0.2628,0.085,2025-01-24 16:30:00+00:00,5,minor,0,324.0,343.4,42280.6,0.9422,0.9,0.0765,0.98,0.2705,0.08
93864,Miami Heretics,0,2,3,340,352,44491,0.9659,1.02,0.086,1.13,0.2706,0.11,2025-01-25 18:00:00+00:00,5,minor,0,319.8,344.0,41770.6,0.9285,0.8955,0.0852,0.986,0.2714,0.0905
93871,Miami Heretics,1,3,2,356,369,46265,0.9648,0.9725,0.064,1.06,0.2697,0.0875,2025-01-30 14:30:00+00:00,5,major,1,321.8,343.6,41659.2,0.9349,0.932,0.0921,1.034,0.2733,0.102
93878,Miami Heretics,0,0,3,232,261,31961,0.8889,0.78,0.1211,0.9,0.2845,0.12,2025-02-01 10:00:00+00:00,5,major,1,314.2,335.4,40836.2,0.9339,0.9175,0.0969,1.026,0.2761,0.1085
93880,Miami Heretics,1,3,2,369,378,49672,0.9762,1.04,0.0616,1.08,0.2737,0.04,2025-02-01 13:00:00+00:00,5,major,1,321.8,340.6,42499.4,0.9411,0.9335,0.0887,1.022,0.2723,0.0885
93882,Miami Heretics,1,3,1,327,319,40969,1.0251,1.03,0.0529,1.1,0.2813,0.07,2025-02-02 10:00:00+00:00,5,major,1,324.8,335.8,42671.6,0.9642,0.9685,0.0771,1.054,0.276,0.0855
93884,Miami Heretics,0,0,3,181,240,24992,0.7542,0.6575,0.083,0.75,0.3094,0.0925,2025-02-02 13:00:00+00:00,5,major,1,293.0,313.4,38771.8,0.9218,0.896,0.0765,0.978,0.2837,0.082
93890,Miami Heretics,0,1,3,323,363,41277,0.8898,0.84,0.1039,0.91,0.291,0.07,2025-02-15 16:30:00+00:00,5,minor,0,286.4,312.2,37774.2,0.9068,0.8695,0.0845,0.948,0.288,0.0785
93898,Miami Heretics,1,3,0,222,210,28660,1.0571,1.1125,0.0957,1.2,0.2883,0.0875,2025-02-21 16:30:00+00:00,5,minor,0,284.4,302.0,37114.0,0.9405,0.936,0.0794,1.008,0.2888,0.072
93900,Miami Heretics,0,1,3,279,375,37892,0.744,0.6825,0.015,0.7,0.2724,0.0175,2025-02-22 15:00:00+00:00,5,minor,0,266.4,301.4,34758.0,0.894,0.8645,0.0701,0.932,0.2885,0.0675
93910,Miami Heretics,0,2,3,338,328,44244,1.0305,0.96,0.0891,1.06,0.284,0.1,2025-02-28 15:00:00+00:00,5,major,1,268.6,303.2,35413.0,0.8951,0.8505,0.0773,0.924,0.289,0.0735
93924,Miami Heretics,1,3,0,252,237,31956,1.0633,1.0925,0.2351,1.36,0.3254,0.2675,2025-03-08 19:30:00+00:00,5,minor,0,282.8,302.6,36805.8,0.9569,0.9375,0.1078,1.046,0.2922,0.1085
93926,Miami Heretics,0,1,3,325,314,41367,1.035,0.9325,0.0763,1.02,0.2738,0.0875,2025-03-09 16:30:00+00:00,5,minor,0,283.2,292.8,36823.8,0.986,0.956,0.1022,1.068,0.2888,0.112
93931,Miami Heretics,0,0,3,187,232,25850,0.806,0.775,0.1593,0.96,0.3369,0.185,2025-03-14 18:00:00+00:00,5,minor,0,276.2,297.2,36261.8,0.9358,0.8885,0.115,1.02,0.2985,0.1315
93932,Miami Heretics,0,1,3,334,341,42784,0.9795,0.885,0.1179,1.06,0.2934,0.175,2025-03-15 15:00:00+00:00,5,minor,0,287.2,290.4,37240.2,0.9829,0.929,0.1355,1.092,0.3027,0.163
93943,Miami Heretics,0,1,3,378,359,46619,1.0529,0.9575,0.1676,1.15,0.3095,0.1925,2025-03-21 13:30:00+00:00,5,major,1,295.2,296.6,37715.2,0.9874,0.9285,0.1512,1.11,0.3078,0.1815
93839,Minnesota RØKKR,1,3,2,328,299,41799,1.097,1.0725,0.0403,1.13,0.2652,0.0575,2025-01-10 15:00:00+00:00,5,major,1,337.4,346.6,44173.4,0.9804,0.968,0.0807,1.066,0.2795,0.098
93843,Minnesota RØKKR,1,3,2,365,361,46030,1.0111,1.0125,0.1109,1.11,0.2795,0.0975,2025-01-11 15:00:00+00:00,5,major,1,338.8,339.0,43353.2,1.0032,0.986,0.0952,1.096,0.2812,0.11
93847,Minnesota RØKKR,0,2,3,392,403,50148,0.9727,0.975,0.0843,1.06,0.2679,0.085,2025-01-12 15:00:00+00:00,5,major,1,353.6,348.4,44668.6,1.0191,1.0065,0.0837,1.096,0.2763,0.0895
93852,Minnesota RØKKR,0,2,3,349,366,44757,0.9536,0.9325,0.1401,1.09,0.3095,0.1575,2025-01-17 18:00:00+00:00,5,minor,0,364.4,363.6,46212.2,1.0064,1.0055,0.0898,1.106,0.2806,0.1005
93858,Minnesota RØKKR,0,1,3,265,319,35260,0.8307,0.7775,0.1668,0.97,0.3094,0.1925,2025-01-19 18:00:00+00:00,5,minor,0,339.8,349.6,43598.8,0.973,0.954,0.1085,1.072,0.2863,0.118
93862,Minnesota RØKKR,0,2,3,460,454,58150,1.0132,0.9525,0.1552,1.11,0.2804,0.1575,2025-01-25 15:00:00+00:00,5,minor,0,366.2,380.6,46869.0,0.9563,0.93,0.1314,1.068,0.2893,0.138
93873,Minnesota RØKKR,1,3,1,362,322,45936,1.1242,1.195,0.11,1.29,0.2873,0.095,2025-01-31 10:00:00+00:00,5,major,1,365.6,372.8,46850.2,0.9789,0.9665,0.1313,1.104,0.2909,0.1375
93877,Minnesota RØKKR,1,3,1,375,356,45776,1.0534,1.065,0.1097,1.18,0.272,0.115,2025-02-01 08:30:00+00:00,5,major,1,362.2,363.4,45975.8,0.995,0.9845,0.1364,1.128,0.2917,0.1435
93880,Minnesota RØKKR,0,2,3,378,369,49047,1.0244,0.9625,0.0737,1.04,0.2804,0.0775,2025-02-01 13:00:00+00:00,5,major,1,368.0,364.0,46833.8,1.0092,0.9905,0.1231,1.118,0.2859,0.1275
93890,Minnesota RØKKR,1,3,1,362,323,43868,1.1207,1.16,0.0942,1.27,0.2762,0.11,2025-02-15 16:30:00+00:00,5,minor,0,387.4,364.8,48555.4,1.0672,1.067,0.1085,1.178,0.2793,0.111
93896,Minnesota RØKKR,1,3,0,309,270,37255,1.1444,1.1525,0.0395,1.21,0.2913,0.0575,2025-02-16 19:30:00+00:00,5,minor,0,357.2,328.0,44376.4,1.0934,1.107,0.0854,1.198,0.2814,0.091
93897,Minnesota RØKKR,0,0,3,186,212,24703,0.8774,0.8275,0.1345,1.01,0.2742,0.1825,2025-02-21 15:00:00+00:00,5,minor,0,322.0,306.0,40129.8,1.0441,1.0335,0.0903,1.142,0.2788,0.1085
93904,Minnesota RØKKR,1,3,0,187,150,22938,1.2467,1.3275,0.1063,1.41,0.2781,0.0825,2025-02-23 15:00:00+00:00,5,minor,0,284.4,264.8,35562.2,1.0827,1.086,0.0896,1.188,0.28,0.102
93909,Minnesota RØKKR,0,2,3,365,343,46914,1.0641,1.045,0.1204,1.16,0.2767,0.115,2025-02-28 19:30:00+00:00,5,major,1,281.8,259.6,35135.6,1.0907,1.1025,0.099,1.212,0.2793,0.1095
93921,Minnesota RØKKR,0,0,3,172,212,23393,0.8113,0.695,0.1079,0.84,0.343,0.145,2025-03-08 15:00:00+00:00,5,minor,0,243.8,237.4,31040.6,1.0288,1.0095,0.1017,1.126,0.2927,0.1165
93933,Minnesota RØKKR,0,1,3,273,299,35972,0.913,0.7975,0.0806,0.88,0.2747,0.0825,2025-03-15 16:30:00+00:00,5,minor,0,236.6,243.2,30784.0,0.9825,0.9385,0.1099,1.06,0.2893,0.1215
93937,Minnesota RØKKR,0,1,3,287,318,38875,0.9025,0.915,0.1066,1.05,0.3136,0.135,2025-03-16 16:30:00+00:00,5,minor,0,256.8,264.4,33618.4,0.9875,0.956,0.1043,1.068,0.2972,0.112
93942,Minnesota RØKKR,0,0,3,194,233,24873,0.8326,0.7025,0.09,0.78,0.2938,0.0775,2025-03-20 18:00:00+00:00,5,major,1,258.2,281.0,34005.4,0.9047,0.831,0.1011,0.942,0.3004,0.111
93945,Minnesota RØKKR,0,0,3,178,209,24534,0.8517,0.7075,0.1438,0.91,0.3539,0.2025,2025-03-21 16:30:00+00:00,5,major,1,220.8,254.2,29529.4,0.8622,0.7635,0.1058,0.892,0.3158,0.1285
93841,OpTic Texas,1,3,0,244,217,31064,1.1244,1.1125,0.1578,1.27,0.2869,0.1575,2025-01-10 18:00:00+00:00,5,major,1,326.2,300.4,40865.2,1.1103,1.146,0.1284,1.29,0.2848,0.144
93844,OpTic Texas,1,3,2,351,339,44230,1.0354,0.9575,0.0822,1.03,0.2678,0.0725,2025-01-11 16:30:00+00:00,5,major,1,317.8,293.0,39746.8,1.1083,1.1295,0.1128,1.26,0.2804,0.1305
93848,OpTic Texas,0,2,3,415,374,50930,1.1096,1.07,0.1146,1.15,0.2651,0.08,2025-01-12 16:30:00+00:00,5,major,1,351.6,328.4,44184.8,1.0805,1.0845,0.1119,1.196,0.2756,0.1115
93851,OpTic Texas,1,3,1,354,292,44390,1.2123,1.1725,0.1162,1.32,0.2684,0.1475,2025-01-17 16:30:00+00:00,5,minor,0,350.2,325.6,44274.2,1.087,1.07,0.1203,1.198,0.2745,0.128
93857,OpTic Texas,1,3,2,349,311,43130,1.1222,1.1,0.1246,1.21,0.298,0.11,2025-01-19 16:30:00+00:00,5,minor,0,342.6,306.6,42748.8,1.1208,1.0825,0.1191,1.196,0.2772,0.1135
93867,OpTic Texas,1,3,1,378,332,45710,1.1386,1.145,0.1079,1.27,0.2646,0.125,2025-01-26 18:00:00+00:00,5,minor,0,369.4,329.6,45678.0,1.1236,1.089,0.1091,1.196,0.2728,0.107
93871,OpTic Texas,0,2,3,369,359,47590,1.0279,1.0275,0.0544,1.07,0.271,0.0425,2025-01-30 14:30:00+00:00,5,major,1,373.0,333.6,46350.0,1.1221,1.103,0.1035,1.204,0.2734,0.101
93874,OpTic Texas,1,3,2,325,341,41665,0.9531,0.955,0.0574,1.04,0.2769,0.085,2025-01-31 11:30:00+00:00,5,major,1,355.0,327.0,44497.0,1.0908,1.08,0.0921,1.182,0.2758,0.102
93876,OpTic Texas,0,1,3,291,327,37858,0.8899,0.8625,0.09,0.97,0.2818,0.1075,2025-01-31 14:30:00+00:00,5,major,1,342.4,334.0,43190.6,1.0263,1.018,0.0869,1.112,0.2785,0.094
93891,OpTic Texas,0,0,3,175,221,23253,0.7919,0.7325,0.0854,0.82,0.3029,0.0875,2025-02-15 18:00:00+00:00,5,minor,0,307.6,316.0,39215.2,0.9603,0.9445,0.079,1.034,0.2794,0.0895
93896,OpTic Texas,0,0,3,270,309,34942,0.8738,0.8475,0.1729,0.96,0.2778,0.1125,2025-02-16 19:30:00+00:00,5,minor,0,286.0,311.4,37061.6,0.9073,0.885,0.092,0.972,0.2821,0.087
93901,OpTic Texas,0,0,3,180,217,23746,0.8295,0.65,0.0698,0.75,0.2944,0.1,2025-02-22 16:30:00+00:00,5,minor,0,248.2,283.0,32292.8,0.8676,0.8095,0.0951,0.908,0.2868,0.0985
93908,OpTic Texas,1,3,1,297,286,37586,1.0385,1.1325,0.069,1.19,0.2694,0.0575,2025-02-28 16:30:00+00:00,5,major,1,242.6,272.0,31477.0,0.8847,0.845,0.0974,0.938,0.2852,0.093
93912,OpTic Texas,0,0,3,235,270,31444,0.8704,0.705,0.1121,0.87,0.3021,0.165,2025-03-01 18:00:00+00:00,5,major,1,231.4,260.6,30194.2,0.8808,0.8135,0.1018,0.918,0.2893,0.1045
93924,OpTic Texas,0,0,3,237,253,30412,0.9368,0.9075,0.055,0.98,0.2996,0.0725,2025-03-08 19:30:00+00:00,5,minor,0,243.8,267.0,31626.0,0.9098,0.8485,0.0957,0.95,0.2887,0.1015
93927,OpTic Texas,0,0,3,190,255,26448,0.7451,0.665,0.0592,0.73,0.2895,0.065,2025-03-09 18:00:00+00:00,5,minor,0,227.8,256.2,29927.2,0.884,0.812,0.073,0.904,0.291,0.092
93930,OpTic Texas,0,0,3,130,195,18609,0.6667,0.6025,0.1266,0.74,0.3154,0.1375,2025-03-14 16:30:00+00:00,5,minor,0,217.8,251.8,28899.8,0.8515,0.8025,0.0844,0.902,0.2952,0.0995
93936,OpTic Texas,1,3,1,312,264,38049,1.1818,1.1925,0.1187,1.32,0.2981,0.1275,2025-03-16 15:00:00+00:00,5,minor,0,220.8,247.4,28992.4,0.8801,0.8145,0.0943,0.928,0.3009,0.1135
93945,OpTic Texas,1,3,0,209,178,26606,1.1742,1.2925,0.19,1.52,0.2967,0.2275,2025-03-21 16:30:00+00:00,5,major,1,215.6,229.0,28024.8,0.9409,0.932,0.1099,1.058,0.2998,0.126
93948,OpTic Texas,0,0,3,208,238,27504,0.8739,0.775,0.0929,0.87,0.2981,0.095,2025-03-22 13:30:00+00:00,5,major,1,209.8,226.0,27443.2,0.9283,0.9055,0.1175,1.036,0.2995,0.1305
93843,Toronto Ultra,0,2,3,359,365,45124,0.9836,0.99,0.0698,1.08,0.2758,0.09,2025-01-11 15:00:00+00:00,5,major,1,322.6,310.6,41891.0,1.0413,1.1005,0.0689,1.19,0.2886,0.0895
93852,Toronto Ultra,1,3,2,366,350,46504,1.0457,1.065,0.0835,1.11,0.2732,0.045,2025-01-17 18:00:00+00:00,5,minor,0,338.0,324.6,43453.0,1.044,1.1015,0.0621,1.166,0.2809,0.0645
93856,Toronto Ultra,1,3,1,316,318,40140,0.9937,1.015,0.0988,1.09,0.2848,0.075,2025-01-19 15:00:00+00:00,5,minor,0,326.2,316.8,41725.6,1.0327,1.096,0.0732,1.168,0.2851,0.072
93867,Toronto Ultra,0,1,3,332,378,42823,0.8783,0.855,0.0597,0.93,0.2892,0.075,2025-01-26 18:00:00+00:00,5,minor,0,348.8,351.4,44613.6,0.9947,1.027,0.066,1.088,0.2817,0.061
93869,Toronto Ultra,1,3,0,251,214,31110,1.1729,1.19,0.1265,1.35,0.3028,0.16,2025-01-30 11:30:00+00:00,5,major,1,324.8,325.0,41140.2,1.0148,1.023,0.0877,1.112,0.2851,0.089
93879,Toronto Ultra,0,0,3,235,252,30380,0.9325,0.8725,0.1335,1.04,0.2766,0.1675,2025-02-01 11:30:00+00:00,5,major,1,300.0,302.4,38191.4,1.0046,0.9995,0.1004,1.104,0.2853,0.1045
93881,Toronto Ultra,0,2,3,383,363,49619,1.0551,1.065,0.0656,1.16,0.2637,0.095,2025-02-01 14:30:00+00:00,5,major,1,303.4,305.0,38814.4,1.0065,0.9995,0.0968,1.114,0.2834,0.1145
93892,Toronto Ultra,0,0,3,204,234,26529,0.8718,0.785,0.0835,0.87,0.3039,0.085,2025-02-15 19:30:00+00:00,5,minor,0,281.0,288.2,36092.2,0.9821,0.9535,0.0938,1.07,0.2872,0.1165
93894,Toronto Ultra,1,3,1,361,338,45126,1.068,1.115,0.1377,1.31,0.3019,0.195,2025-02-16 16:30:00+00:00,5,minor,0,286.8,280.2,36552.8,1.0201,1.0055,0.1094,1.146,0.2898,0.1405
93903,Toronto Ultra,1,3,2,373,375,47892,0.9947,1.02,0.0663,1.11,0.2761,0.09,2025-02-22 19:30:00+00:00,5,minor,0,311.2,312.4,39909.2,0.9844,0.9715,0.0973,1.098,0.2845,0.1265
93905,Toronto Ultra,0,0,3,260,291,34320,0.8935,0.72,0.0942,0.8,0.3192,0.08,2025-02-23 16:30:00+00:00,5,minor,0,316.2,320.2,40697.2,0.9766,0.941,0.0895,1.05,0.293,0.109
93912,Toronto Ultra,1,3,0,270,235,33537,1.1489,1.295,0.1204,1.46,0.2852,0.165,2025-03-01 18:00:00+00:00,5,major,1,293.6,294.6,37480.8,0.9954,0.987,0.1004,1.11,0.2973,0.123
93916,Toronto Ultra,0,0,3,213,251,28219,0.8486,0.85,0.0572,0.92,0.2676,0.07,2025-03-02 16:30:00+00:00,5,major,1,295.4,298.0,37818.8,0.9907,1.0,0.0952,1.12,0.29,0.12
93919,Toronto Ultra,1,3,1,267,235,33877,1.1362,1.2025,0.1473,1.39,0.3221,0.1875,2025-03-07 16:30:00+00:00,5,minor,0,276.6,277.4,35569.0,1.0044,1.0175,0.0971,1.136,0.2941,0.1185
93927,Toronto Ultra,1,3,0,255,190,30982,1.3421,1.335,0.231,1.65,0.3373,0.315,2025-03-09 18:00:00+00:00,5,minor,0,253.0,240.4,32187.0,1.0739,1.0805,0.13,1.244,0.3063,0.1635
93929,Toronto Ultra,1,3,2,309,311,40791,0.9936,1.025,0.0532,1.08,0.2751,0.055,2025-03-14 15:00:00+00:00,5,minor,0,262.8,244.4,33481.2,1.0939,1.1415,0.1218,1.3,0.2974,0.1585
93940,Toronto Ultra,0,0,3,244,266,31465,0.9173,0.8775,0.0727,0.98,0.2951,0.1025,2025-03-20 15:00:00+00:00,5,major,1,257.6,250.6,33066.8,1.0475,1.058,0.1123,1.204,0.2994,0.146
93946,Toronto Ultra,1,3,0,220,169,26805,1.3018,1.305,0.1179,1.38,0.2909,0.075,2025-03-21 18:00:00+00:00,5,major,1,259.0,234.2,32784.0,1.1382,1.149,0.1244,1.296,0.3041,0.147
93948,Toronto Ultra,1,3,0,238,208,29486,1.1442,1.225,0.1333,1.37,0.2815,0.145,2025-03-22 13:30:00+00:00,5,major,1,253.2,228.8,31905.8,1.1398,1.1535,0.1216,1.292,0.296,0.1385
93951,Toronto Ultra,1,3,0,242,199,29399,1.2161,1.2525,0.0842,1.37,0.2934,0.1175,2025-03-22 18:00:00+00:00,5,major,1,250.6,230.6,31589.2,1.1146,1.137,0.0923,1.236,0.2872,0.099
93953,Toronto Ultra,1,3,0,200,163,23639,1.227,1.2025,0.083,1.31,0.28,0.1075,2025-03-23 13:30:00+00:00,5,major,1,228.8,201.0,28158.8,1.1613,1.1725,0.0982,1.282,0.2882,0.1095
93955,Toronto Ultra,0,1,3,306,349,41112,0.8768,0.8275,0.104,0.97,0.281,0.1425,2025-03-23 16:30:00+00:00,5,major,1,241.2,217.6,30088.2,1.1532,1.1625,0.1045,1.28,0.2854,0.1175
93842,Vancouver Surge,0,0,3,198,239,25563,0.8285,0.775,0.0759,0.88,0.2778,0.105,2025-01-10 19:30:00+00:00,5,major,1,299.6,329.4,39521.8,0.905,0.8715,0.0845,0.968,0.2761,0.0965
93853,Vancouver Surge,1,3,1,332,320,41408,1.0375,1.065,0.0827,1.16,0.2831,0.095,2025-01-18 15:00:00+00:00,5,minor,0,294.6,318.4,38371.8,0.9221,0.893,0.0782,0.986,0.2772,0.093
93859,Vancouver Surge,1,3,2,353,374,44242,0.9439,1.03,0.1273,1.19,0.2946,0.16,2025-01-24 15:00:00+00:00,5,minor,0,302.8,328.2,38827.6,0.9189,0.9195,0.0848,1.022,0.2823,0.1025
93862,Vancouver Surge,1,3,2,454,460,56892,0.987,1.05,0.1431,1.22,0.304,0.17,2025-01-25 15:00:00+00:00,5,minor,0,332.6,347.8,42228.6,0.9478,0.9785,0.0937,1.094,0.2834,0.1155
93869,Vancouver Surge,0,0,3,214,251,28836,0.8526,0.81,0.0408,0.86,0.2757,0.05,2025-01-30 11:30:00+00:00,5,major,1,310.2,328.8,39388.2,0.9299,0.946,0.094,1.062,0.287,0.116
93873,Vancouver Surge,0,1,3,321,363,42500,0.8843,0.805,0.03,0.85,0.2804,0.045,2025-01-31 10:00:00+00:00,5,major,1,334.8,353.6,42775.6,0.941,0.952,0.0848,1.056,0.2876,0.104
93888,Vancouver Surge,1,3,1,339,316,41779,1.0728,1.1975,0.1459,1.33,0.2891,0.1325,2025-02-14 18:00:00+00:00,5,minor,0,336.2,352.8,42849.8,0.9481,0.9785,0.0974,1.09,0.2887,0.1115
93895,Vancouver Surge,1,3,2,371,364,46277,1.0192,1.0975,0.0957,1.22,0.2965,0.1225,2025-02-16 18:00:00+00:00,5,minor,0,339.8,350.8,43256.8,0.9632,0.992,0.0911,1.096,0.2891,0.104
93902,Vancouver Surge,1,3,1,364,344,44423,1.0581,1.07,0.0845,1.14,0.3132,0.07,2025-02-22 18:00:00+00:00,5,minor,0,321.8,327.6,40763.0,0.9774,0.996,0.0794,1.08,0.291,0.084
93907,Vancouver Surge,1,3,1,363,337,45046,1.0772,1.155,0.0785,1.22,0.259,0.065,2025-02-28 18:00:00+00:00,5,major,1,351.6,344.8,44005.0,1.0223,1.065,0.0869,1.152,0.2876,0.087
93911,Vancouver Surge,1,3,2,354,358,45010,0.9888,1.0325,0.152,1.22,0.2853,0.1875,2025-03-01 16:30:00+00:00,5,major,1,358.2,343.8,44507.0,1.0432,1.1105,0.1113,1.226,0.2886,0.1155
93916,Vancouver Surge,1,3,0,251,213,30362,1.1784,1.1475,0.0877,1.26,0.2908,0.1125,2025-03-02 16:30:00+00:00,5,major,1,340.6,323.2,42223.6,1.0644,1.1005,0.0997,1.212,0.289,0.1115
93917,Vancouver Surge,0,3,4,470,487,58358,0.9651,0.965,0.0896,1.09,0.2766,0.125,2025-03-02 18:00:00+00:00,7,major finals,1,360.4,347.8,44639.8,1.0535,1.074,0.0985,1.186,0.285,0.112
93918,Vancouver Surge,0,0,3,233,265,29935,0.8792,0.83,0.0744,0.94,0.3219,0.11,2025-03-07 15:00:00+00:00,5,minor,0,334.2,332.0,41742.2,1.0177,1.026,0.0964,1.146,0.2867,0.12
93926,Vancouver Surge,1,3,1,314,325,41155,0.9662,1.065,0.1136,1.23,0.2707,0.165,2025-03-09 16:30:00+00:00,5,minor,0,324.4,329.6,40964.0,0.9955,1.008,0.1035,1.148,0.2891,0.14
93929,Vancouver Surge,0,2,3,310,310,40673,1.0,0.975,0.1287,1.15,0.3129,0.175,2025-03-14 15:00:00+00:00,5,minor,0,315.6,320.0,40096.6,0.9978,0.9965,0.0988,1.134,0.2946,0.1375
93937,Vancouver Surge,1,3,1,318,288,39955,1.1042,1.0825,0.0562,1.13,0.2862,0.0475,2025-03-16 16:30:00+00:00,5,minor,0,329.0,335.0,42015.2,0.9829,0.9835,0.0925,1.108,0.2937,0.1245
93939,Vancouver Surge,1,3,0,284,263,34866,1.0798,1.1575,0.0287,1.18,0.2606,0.0225,2025-03-20 13:30:00+00:00,5,major,1,291.8,290.2,37316.8,1.0059,1.022,0.0803,1.126,0.2904,0.104
93949,Vancouver Surge,1,3,1,390,357,48056,1.0924,1.055,0.1185,1.14,0.2872,0.085,2025-03-22 15:00:00+00:00,5,major,1,323.2,308.6,40941.0,1.0485,1.067,0.0891,1.166,0.2835,0.099
93954,Vancouver Surge,0,2,3,360,338,47004,1.0651,1.0375,0.0486,1.1,0.2694,0.0625,2025-03-23 15:00:00+00:00,5,major,1,332.4,311.2,42110.8,1.0683,1.0615,0.0761,1.14,0.2833,0.0785
93955,Vancouver Surge,1,3,1,349,306,44784,1.1405,1.175,0.1226,1.3,0.2894,0.125,2025-03-23 16:30:00+00:00,5,major,1,340.2,310.4,42933.0,1.0964,1.1015,0.0749,1.17,0.2785,0.0685
93956,Vancouver Surge,0,0,4,281,344,38316,0.8169,0.7075,0.0499,0.78,0.2989,0.0725,2025-03-23 18:00:00+00:00,7,major finals,1,332.8,321.6,42605.2,1.039,1.0265,0.0737,1.1,0.2811,0.0735
93841,Vegas Falcons,0,0,3,216,247,27786,0.8745,0.8875,0.1011,1.02,0.3426,0.1325,2025-01-10 18:00:00+00:00,5,major,1,239.2,265.2,31534.0,0.9045,0.846,0.1108,0.994,0.2987,0.148
93851,Vegas Falcons,0,1,3,292,354,39838,0.8249,0.83,0.0627,0.9,0.2774,0.07,2025-01-17 16:30:00+00:00,5,minor,0,242.0,277.8,32299.6,0.8785,0.824,0.0971,0.952,0.2967,0.128
93853,Vegas Falcons,0,1,3,320,332,41491,0.9639,0.935,0.1489,1.08,0.3031,0.145,2025-01-18 15:00:00+00:00,5,minor,0,261.6,295.8,34621.2,0.8878,0.845,0.1008,0.966,0.2996,0.121
93863,Vegas Falcons,0,0,3,209,244,27486,0.8566,0.7875,0.1554,0.95,0.2967,0.1625,2025-01-25 16:30:00+00:00,5,minor,0,262.6,300.8,34685.0,0.8728,0.8435,0.1242,0.986,0.307,0.1425
93872,Vegas Falcons,0,0,3,232,263,31593,0.8821,0.8325,0.0914,0.91,0.3103,0.0775,2025-01-31 08:30:00+00:00,5,major,1,253.8,288.0,33638.8,0.8804,0.8545,0.1119,0.972,0.306,0.1175
93887,Vegas Falcons,0,1,3,323,341,40921,0.9472,0.8275,0.0789,0.88,0.291,0.0525,2025-02-14 16:30:00+00:00,5,minor,0,275.2,306.8,36265.8,0.8949,0.8425,0.1075,0.944,0.2957,0.1015
93893,Vegas Falcons,0,1,3,281,313,36620,0.8978,0.835,0.158,1.06,0.2883,0.225,2025-02-16 15:00:00+00:00,5,minor,0,273.0,298.6,35622.2,0.9095,0.8435,0.1265,0.976,0.2979,0.1325
93899,Vegas Falcons,0,0,3,159,193,20501,0.8238,0.6325,0.081,0.71,0.2642,0.0775,2025-02-21 18:00:00+00:00,5,minor,0,240.8,270.8,31424.2,0.8815,0.783,0.1129,0.902,0.2901,0.119
93904,Vegas Falcons,0,0,3,150,187,20679,0.8021,0.675,0.0465,0.72,0.3,0.045,2025-02-23 15:00:00+00:00,5,minor,0,229.0,259.4,30062.8,0.8706,0.7605,0.0912,0.856,0.2908,0.0955
93908,Vegas Falcons,0,1,3,286,297,37169,0.963,0.865,0.0858,0.97,0.3147,0.105,2025-02-28 16:30:00+00:00,5,major,1,239.8,266.2,31178.0,0.8868,0.767,0.0901,0.868,0.2916,0.101
93919,Vegas Falcons,0,1,3,235,267,32237,0.8801,0.7975,0.0814,0.89,0.2936,0.0925,2025-03-07 16:30:00+00:00,5,minor,0,222.2,251.4,29441.2,0.8734,0.761,0.0906,0.87,0.2921,0.109
93925,Vegas Falcons,0,0,3,184,201,24618,0.9154,0.7725,0.0741,0.87,0.2989,0.0975,2025-03-09 15:00:00+00:00,5,minor,0,202.8,229.0,27040.8,0.8769,0.7485,0.0738,0.832,0.2943,0.0835
93934,Vegas Falcons,0,1,3,347,356,45561,0.9747,0.9025,0.0419,0.96,0.2997,0.0575,2025-03-15 18:00:00+00:00,5,minor,0,240.4,261.6,32052.8,0.9071,0.8025,0.066,0.882,0.3014,0.0795
93944,Vegas Falcons,0,0,3,157,203,23945,0.7734,0.715,0.0645,0.78,0.2803,0.065,2025-03-21 15:00:00+00:00,5,major,1,241.8,264.8,32706.0,0.9013,0.8105,0.0696,0.894,0.2974,0.0835
